Date;Observed;SIM1;SIM2;SIM3;SIM4;SIM5;SIM6;SIM7
01/01/2008;6.5699;9.14;11.18;11.51873672;12.33203402;13.32;12.87425878;13.22578492
02/01/2008;6.5699;8.85;10.72;10.90419215;11.62284684;12.58;11.99037908;12.37486219
03/01/2008;6.098;8.06;9.9;10.04710097;10.7403933;11.71;11.10841073;11.50045562
04/01/2008;5.7909;7.59;9.37;9.495616076;10.12828598;11.11;10.44220738;10.83883922
05/01/2008;5.7909;12.54;13.72;16.28932582;15.5283375;12.86;13.72133141;11.90436727
06/01/2008;11.185;17.09;17;17.69950231;16.73132768;14.33;14.7862309;13.1575171
07/01/2008;11.3804;13.06;13.24;12.8217692;12.8425763;12.66;12.23776574;11.85497255
08/01/2008;7.7213;13.09;13.48;13.83316418;13.57105305;12.6;12.43770012;11.70279927
09/01/2008;8.063;13.24;13.23;12.84975747;12.69980697;12.36;11.82078484;11.51162844
10/01/2008;6.5699;13.26;13.4;13.88394896;13.51561512;12.4;12.1979165;11.42525459
11/01/2008;10.0395;22.09;20.51;21.41428653;19.45589964;15.92;16.12705842;14.41034013
12/01/2008;15.3283;27.34;23.96;23.62159905;21.57383117;18.32;18.2712125;17.01282931
13/01/2008;10.2272;20.07;17.66;16.08664606;15.72260422;15.62;15.10553576;15.09769122
14/01/2008;8.9412;11.93;11.72;10.57369936;11.10646109;12.4;11.4547722;12.01793019
15/01/2008;7.5525;10.32;10.81;10.36533268;10.76591244;11.56;10.70756545;11.1048298
16/01/2008;7.7213;9.58;10.36;9.97610834;10.26544921;10.98;10.1161662;10.47987823
17/01/2008;6.4111;12.71;13.13;14.16410799;13.59933922;12.03;12.06931939;11.3550626
18/01/2008;8.5858;16.21;15.56;15.64385963;14.6906605;13.25;12.99852877;12.3668124
19/01/2008;8.9412;21.35;19.61;19.71917324;17.89653761;15.47;15.27605912;14.2909443
20/01/2008;12.5792;57.1;47.83;49.74280152;44.06635288;35.67;37.33519814;34.37873579
21/01/2008;46.864399;82.59;65.42;61.41296771;55.15525531;50.26;53.72169285;53.73148899
22/01/2008;27.9622;52.54;44.1;37.49761692;37.27123423;40.89;42.22334277;46.13680342
23/01/2008;23.9555;30.61;29.77;27.62966687;28.37584906;31.2;32.07594401;34.59472203
24/01/2008;18.9844;30.64;29.41;28.96096794;28.87878666;29.99;30.81710165;32.33729025
25/01/2008;17.8104;27.66;26.71;26.03129217;26.45808375;27.98;28.72855977;30.12732826
26/01/2008;12.9888;20.57;20.9;20.45386622;21.45859623;23.68;23.82369703;25.34857979
27/01/2008;12.7834;17.89;19.07;19.12227438;19.86128192;21.35;21.35134144;22.46801076
28/01/2008;11.775;16.69;17.8;17.8478977;18.42459709;19.73;19.62332426;20.51801566
29/01/2008;12.1746;31.91;30.55;32.3768763;29.80510728;26.52;26.97172491;26.02837516
30/01/2008;23.9555;34.52;31.46;28.98557969;28.21613216;27.87;28.42602133;28.78096886
31/01/2008;15.3283;26.27;25.75;25.40040871;25.16126365;25.45;25.68308966;26.12144148
01/02/2008;18.2766;32.92;30.74;30.24539719;29.08974118;28.36;28.70478114;28.91819106
02/02/2008;18.7474;88.98;70.57;72.07440787;65.69932432;57.07;60.43957844;57.86912264
03/02/2008;144.863007;137.32;112.64;105.6779788;98.1965189;94.52;101.3398626;103.9133796
04/02/2008;37.877499;83.43;78.02;73.40623158;73.59588226;79.41;82.89273222;88.8254568
05/02/2008;30.193001;54.18;54.32;52.55762144;54.6501577;59.92;61.60430018;65.31812738
06/02/2008;34.8447;64.43;61.2;61.45582788;60.51224103;60.83;62.22214888;63.09026021
07/02/2008;39.1171;95.05;84.46;82.97805614;79.6995513;77.27;80.34579848;79.71292308
08/02/2008;45.207199;85.23;80.91;76.48879451;76.36357863;79.68;82.09020994;84.56145627
09/02/2008;26.871;37;42.31;41.48681935;45.64827294;53.86;53.65496612;57.23359696
10/02/2008;20.674801;51.73;52.27;53.89473716;53.56046501;52.74;53.04567098;52.22366658
11/02/2008;23.696699;51.05;50.16;47.57893012;47.88626978;50.34;49.83017789;50.72036767
12/02/2008;18.5114;25.76;29.96;30.38052236;32.97626324;36.73;35.9856704;37.0265415
13/02/2008;16.891701;28.27;32.19;33.7409307;34.67027236;35.28;34.80887871;34.39291948
14/02/2008;18.7474;37.27;38.48;39.10879896;38.42744398;37.04;36.53177294;35.34060867
15/02/2008;17.8104;33.33;34.1;33.2706156;33.50113591;33.96;33.01907828;32.83449475
16/02/2008;16.891701;30.62;32.19;32.65368295;32.57144317;32.23;31.32702203;30.78884706
17/02/2008;14.6759;27.23;28.04;27.40353404;28.00209744;29.12;27.8957856;28.17347872
18/02/2008;13.8227;33.85;34.7;35.84378883;34.35541686;31.9;31.19522469;29.92405689
19/02/2008;17.348801;39.93;37.86;36.38947801;34.86641594;33.42;32.53652325;31.83081931
20/02/2008;15.5481;33.11;32.67;31.97191253;31.3266118;30.82;29.94334963;29.6445272
21/02/2008;15.5481;54.16;50.2;50.4099179;47.03867009;41.8;41.41357411;39.43188743
22/02/2008;24.215401;68.39;59.27;55.03675338;50.2414495;48.01;47.93548032;47.33907132
23/02/2008;21.6649;52.9;47.49;44.86424611;43.69338115;44.04;44.03091163;44.42301698
24/02/2008;15.1096;59.12;55.06;54.15656044;52.02055759;49.82;50.37929465;49.59924562
25/02/2008;29.629299;68.57;61.46;58.59799395;55.84533828;54.41;55.3939626;55.45480939
26/02/2008;22.9268;49.6;47.03;43.93884453;43.88847191;46.5;46.80148615;49.28368115
27/02/2008;22.9268;30.57;32.85;32.29182118;33.93069648;36.74;36.20639013;37.94373853
28/02/2008;18.5114;23.9;26.72;26.973431;28.60553034;30.93;30.14853272;31.5269879
29/02/2008;15.9913;24.41;27.79;29.01004556;29.58425813;29.83;29.23832022;29.51262332
01/03/2008;22.166401;26.65;28.78;29.28315295;29.3446183;29.11;28.47665931;28.51086187
02/03/2008;17.348801;22.62;24.84;24.91520602;25.51777082;26.27;25.35435737;25.8254375
03/03/2008;15.3283;18.15;20.78;20.87691199;21.87853865;23.29;22.11466528;22.95823675
04/03/2008;13.6124;15.9;18.79;19.10910238;20.02993119;21.34;20.10587114;20.858845
05/03/2008;13.1954;14.52;17.49;17.86054987;18.58665926;19.76;18.49347534;19.14663984
06/03/2008;12.1746;13.36;16.28;16.67615458;17.3725233;18.35;17.22024142;17.74998738
07/03/2008;11.775;12.92;15.66;16.19414829;16.7641192;17.39;16.3925319;16.79569716
08/03/2008;12.5792;12.38;14.92;15.31302329;15.83340778;16.39;15.4099922;15.84608004
09/03/2008;11.9742;13.76;15.99;17.08904579;17.14984008;16.48;15.87023233;15.58250588
10/03/2008;12.9888;14.23;15.87;16.07198912;16.13176302;15.93;15.07070623;14.88701471
11/03/2008;11.185;34.7;32.95;37.63150966;33.41156023;24.28;26.07094422;21.10160988
12/03/2008;22.166401;56.93;49.23;46.21462299;41.15024609;34.53;34.12524033;31.48131289
13/03/2008;20.674801;87.49;71.79;69.05230508;62.76618922;55.04;55.57645628;53.03933791
14/03/2008;71.543198;110.64;91.42;83.39735269;76.32992139;72.2;74.48265738;74.91247248
15/03/2008;32.487499;78.03;69.64;65.0443034;62.50526012;63.73;65.74125498;68.752221
16/03/2008;43.248299;57.77;54.07;48.65134872;49.07458036;54.65;56.05078389;60.61870339
17/03/2008;24.215401;27.73;30.59;29.51710795;31.82604108;36.39;35.85631911;38.83893129
18/03/2008;21.6649;27.6;30.58;31.75323934;32.53826636;33.52;33.4047826;34.11426277
19/03/2008;20.1863;26.49;28.45;28.39308226;29.25399058;30.56;30.11795244;30.97540285
20/03/2008;17.8104;19.65;22.58;22.7957936;24.19365862;26.17;25.35815882;26.37149337
21/03/2008;16.439199;17.08;20.2;20.5836295;21.85383868;23.55;22.63650843;23.52171268
22/03/2008;15.9913;19.46;22.56;23.94206482;24.21822719;23.77;23.40778513;23.07957666
23/03/2008;17.348801;30.5;31.32;32.53166024;30.80380077;27.67;27.59895582;26.07564383
24/03/2008;18.7474;33.1;32.21;31.51066243;30.08370164;28.23;27.6890134;26.97485524
25/03/2008;19.222601;29.19;28.92;28.38305792;27.59950195;26.69;25.99075568;25.73100609
26/03/2008;22.9268;28.98;28.69;28.20402809;27.36811398;26.47;25.79346271;25.48129257
27/03/2008;22.4188;25.27;25.38;24.75914771;24.55833796;24.67;23.91731099;24.02569339
28/03/2008;18.7474;20.2;21.33;21.17733082;21.54347118;22.25;21.45672902;21.79151738
29/03/2008;16.439199;22.04;23.23;23.62808944;23.30449411;22.63;22.09871254;21.72279371
30/03/2008;29.0695;25.9;25.79;25.56671698;24.7404563;23.6;23.09772481;22.60240783
31/03/2008;20.43;20.74;21.12;20.3345086;20.47235107;21.15;20.20921803;20.60929564
01/04/2008;16.439199;15.18;16.83;16.44582327;17.11566431;18.47;17.32997426;18.09023645
02/04/2008;15.1096;13.89;15.9;15.95772395;16.52345939;17.39;16.41049528;16.97445004
03/04/2008;14.2469;17.74;19.43;20.57885714;20.20417099;18.65;18.50096855;17.59974582
04/04/2008;18.7474;22.7;22.78;23.09827737;22.12980621;20.11;19.887307;18.83674588
05/04/2008;17.348801;22.21;21.96;21.78264013;21.03828119;19.79;19.32487765;18.67081345
06/04/2008;16.891701;27.38;26.12;26.03124424;24.41417737;21.89;21.57004125;20.33762045
07/04/2008;23.696699;52.66;46.7;46.72280633;41.38988452;34.53;34.7024434;32.29755421
08/04/2008;40.687599;49.01;39.93;33.57297211;32.23350403;32.59;32.2893196;32.82339313
09/04/2008;22.6723;21.16;20.59;18.98671879;20.04786064;22.64;21.63427626;22.95558475
10/04/2008;19.222601;26.39;26.55;27.77841359;26.74906726;25.29;25.16908922;24.48533584
11/04/2008;21.415701;27.3;25.99;24.21014365;23.92361314;24.62;23.94181901;24.55168011
12/04/2008;16.439199;17.23;18.39;17.8620392;18.64779934;20.3;19.3843993;20.39380773
13/04/2008;16.891701;15.29;16.94;16.57562743;17.20316149;18.69;17.68581216;18.63226328
14/04/2008;16.439199;15.85;17.71;18.21769949;18.39833859;18.52;17.93234423;18.09487676
15/04/2008;16.214701;32.39;30.76;32.81057706;30.03870817;25.12;25.88078958;23.49643374
16/04/2008;29.0695;32.09;28.96;25.95421131;25.06078004;24.82;24.3700174;24.49432468
17/04/2008;17.8104;17.84;18.3;17.54128387;18.15068731;19.41;18.56474298;19.38806068
18/04/2008;17.348801;20.46;21.18;21.6292251;21.2520645;20.48;20.22283233;19.95815759
19/04/2008;15.7691;20.15;20.16;19.4608191;19.37376744;19.71;19.0912187;19.33745386
20/04/2008;15.3283;14.68;15.97;15.48948122;16.06743633;17.22;16.4090305;17.08608847
21/04/2008;14.2469;28.14;27.3;29.09278804;26.84997729;22.91;23.29481597;21.50297086
22/04/2008;30.476299;33.8;29.91;27.70404564;26.15940491;24.76;24.55725791;24.21542517
23/04/2008;18.2766;24.35;23.22;22.34803682;21.98748237;22;21.44587804;21.77982197
24/04/2008;15.5481;20.13;19.64;18.44952025;18.70921586;19.86;18.99682399;19.88431098
25/04/2008;14.6759;14.71;15.59;14.84208321;15.61058293;17.24;16.23828424;17.26937024
26/04/2008;13.8227;13.03;14.45;14.07373763;14.77406823;16.11;15.15955864;15.91422998
27/04/2008;13.1954;13.13;14.8;14.99734589;15.42078675;15.77;15.21642953;15.4241202
28/04/2008;12.5792;15.79;16.97;17.49178747;17.37289524;16.52;16.2912421;15.90519406
29/04/2008;12.1746;19.93;19.95;20.57112949;19.80537425;17.99;17.98298476;17.10922089
30/04/2008;14.4608;29.81;27.3;27.88792738;25.69549988;21.91;22.3011156;20.60686068
01/05/2008;25.2652;27.17;24.39;22.36085452;21.63964533;21.2;20.85290399;20.94683943
02/05/2008;16.214701;21.18;20.68;20.3453013;19.94961575;19.47;19.09433916;19.08073133
03/05/2008;16.439199;20.14;19.17;17.92192339;17.85166961;18.47;17.78612469;18.31661292
04/05/2008;14.8922;15.65;16.33;16.10092631;16.34284266;16.81;16.25190339;16.61038132
05/05/2008;13.8227;15.39;15.97;15.48672991;15.67060616;16.23;15.58949926;15.99063656
06/05/2008;13.4033;12.67;13.7;13.16969561;13.67381239;14.8;13.99628336;14.60639674
07/05/2008;12.1746;11.34;12.62;12.28399109;12.77436992;13.87;13.0590967;13.659163
08/05/2008;11.775;10.62;11.95;11.73461383;12.20091043;13.22;12.3991497;12.93477882
09/05/2008;11.185;10.07;11.4;11.29987451;11.77628925;12.62;11.87116207;12.33140728
10/05/2008;11.185;10.7;11.85;12.2533842;12.52381956;12.6;12.06242275;12.02847643
11/05/2008;11.185;10.92;11.86;11.94231646;12.16041553;12.36;11.73828284;11.78329895
12/05/2008;11.185;11.48;12.38;12.98218667;12.99988827;12.35;12.21480713;11.74962207
13/05/2008;11.185;11.76;12.36;12.20471992;12.28189423;12.23;11.69470532;11.63993175
14/05/2008;10.798;9.36;10.44;10.15301239;10.51946717;11.15;10.45174766;10.70190127
15/05/2008;10.2272;8.77;9.86;9.718316374;10.06988386;10.6;9.952234974;10.2478304
16/05/2008;10.2272;8.44;9.48;9.430308254;9.767787832;10.28;9.616709053;9.904444727
17/05/2008;9.8532;8.18;9.2;9.302139083;9.614863313;9.91;9.373718509;9.568340788
18/05/2008;9.8532;8.22;9.14;9.211213227;9.491344833;9.68;9.185448986;9.359504778
19/05/2008;9.4844;7.78;8.73;8.697787697;9.055875991;9.47;8.767594737;9.00163574
20/05/2008;9.1209;7.33;8.33;8.260838744;8.615897722;9.11;8.336916773;8.631014009
21/05/2008;9.1209;7.03;8.05;8.005228191;8.336117393;8.81;8.079521844;8.336206508
22/05/2008;8.9412;6.8;7.78;7.722939018;8.015224574;8.5;7.793950708;8.10881098
23/05/2008;8.7628;6.52;7.57;7.441522197;7.708365167;8.35;7.460268769;7.820333968
24/05/2008;8.4102;6.32;7.3;7.245324544;7.495160514;8.05;7.249080173;7.506579936
25/05/2008;8.4102;6.14;7.08;7.030556128;7.285531339;7.89;7.039067048;7.284333758
26/05/2008;8.4102;5.95;6.87;6.849584904;7.073934951;7.59;6.863149138;7.060188577
27/05/2008;8.2359;5.8;6.68;6.715649401;6.92812347;7.27;6.70418945;6.87902601
28/05/2008;8.063;5.72;6.6;6.611098109;6.796702374;7.12;6.544830265;6.700223667
29/05/2008;8.063;7.21;7.79;9.263431335;9.001032816;7.74;7.880955263;7.222649651
30/05/2008;7.7213;13.57;13.16;16.17670226;14.67792534;10.17;11.7079747;9.052633627
31/05/2008;23.9555;14.1;13.26;13.19401045;12.34930436;10.51;10.71627385;9.551387689
01/06/2008;10.798;9.56;9.58;9.074192925;8.986111675;8.78;8.34520769;8.157597423
02/06/2008;10.2272;8.63;8.83;8.292647291;8.298016554;8.32;7.728031721;7.749031567
03/06/2008;9.1209;7.24;7.74;7.046602855;7.254128918;7.75;6.927223932;7.265296904
04/06/2008;8.5858;7.09;7.63;7.421331582;7.515081353;7.55;6.972168907;7.023240304
05/06/2008;8.9412;7.08;7.53;7.217604196;7.274848996;7.42;6.77522189;6.828196637
06/06/2008;8.2359;6.17;6.75;6.27681913;6.462396112;6.94;6.180460275;6.466275358
07/06/2008;7.8914;5.82;6.41;6.063022766;6.239549464;6.63;5.974533798;6.179810493
08/06/2008;7.7213;5.58;6.15;5.889852088;6.066528769;6.4;5.791854182;5.993706424
09/06/2008;7.3852;5.37;5.95;5.717559191;5.884726338;6.23;5.595607023;5.849590333
10/06/2008;7.3852;5.2;5.81;5.598617276;5.722708925;6.11;5.437743294;5.667832572
11/06/2008;7.2193;5.08;5.64;5.528580781;5.631832872;6;5.3224458;5.462317368
12/06/2008;7.2193;5.06;5.62;5.567271859;5.65504278;5.86;5.294901529;5.387637724
13/06/2008;6.73;4.98;5.46;5.483399041;5.588748244;5.74;5.226458763;5.338047052
14/06/2008;6.73;4.96;5.45;5.566252347;5.677233424;5.63;5.242785788;5.295078929
15/06/2008;6.73;5.4;5.85;6.591418916;6.528662084;5.84;5.823641846;5.395621692
16/06/2008;8.5858;6.58;6.79;7.665710192;7.432323658;6.26;6.439957704;5.811016072
17/06/2008;7.5525;6.35;6.63;6.692219395;6.61174718;6.18;5.946921478;5.670501384
18/06/2008;7.0548;5.41;5.88;5.57410749;5.641979228;5.75;5.260743621;5.258572723
19/06/2008;6.8917;5.05;5.54;5.333438064;5.403640518;5.6;5.05385684;5.119780246
20/06/2008;6.73;4.84;5.33;5.183473655;5.275428183;5.43;4.913569947;4.929837548
21/06/2008;6.5699;4.83;5.23;5.370026856;5.423603261;5.3;4.991103078;4.870466357
22/06/2008;6.4111;5.5;5.72;6.376302999;6.21575283;5.54;5.528346122;5.081230225
23/06/2008;7.0548;6.11;6.24;6.622222538;6.406198637;5.73;5.675161996;5.166878895
24/06/2008;7.0548;6.14;6.29;6.580639735;6.383032852;5.7;5.659086424;5.237044097
25/06/2008;7.7213;6.89;6.83;7.41490015;7.069077079;5.98;6.148011239;5.456740967
26/06/2008;9.8532;6.56;6.58;6.462729278;6.300505714;5.87;5.668855655;5.339657299
27/06/2008;7.2193;5.29;5.57;5.109091398;5.188502247;5.37;4.872804049;4.923153731
28/06/2008;6.73;4.94;5.25;4.950660296;5.043106549;5.18;4.722828709;4.776352749
29/06/2008;6.4111;4.74;5.06;4.868264147;4.936641366;5;4.589778509;4.60757808
30/06/2008;6.4111;4.55;4.88;4.740530207;4.813189056;4.86;4.459094796;4.488083987
01/07/2008;6.4111;4.41;4.76;4.623017342;4.704154385;4.74;4.377157443;4.379013888
02/07/2008;6.4111;4.37;4.72;4.69685331;4.773254772;4.68;4.36035828;4.33476668
03/07/2008;6.73;6.48;6.24;8.257201478;7.669040466;5.41;6.233794419;4.888025094
04/07/2008;8.5858;9.33;8.53;9.811630501;8.956815358;6.62;7.340671481;5.833736344
05/07/2008;7.2193;7.52;7.23;6.781164289;6.536958536;6.13;5.841111604;5.492037363
06/07/2008;6.5699;5.56;5.71;4.849408826;4.938051723;5.3;4.669239292;4.842237298
07/07/2008;6.2538;5;5.21;4.668185616;4.753031431;5.01;4.456593365;4.583581204
08/07/2008;6.098;4.67;4.96;4.542678273;4.622062359;4.8;4.325259241;4.396340053
09/07/2008;5.7909;4.46;4.71;4.456146897;4.537059768;4.7;4.229299594;4.279849129
10/07/2008;5.7909;4.31;4.56;4.398039836;4.465070696;4.54;4.178182976;4.191565183
11/07/2008;5.9437;4.43;4.67;4.737241426;4.755320032;4.54;4.305845125;4.157966561
12/07/2008;5.7909;4.67;4.83;4.867901432;4.820673365;4.56;4.359857305;4.223412907
13/07/2008;5.7909;4.3;4.47;4.37887324;4.401520817;4.37;4.075702822;4.071840202
14/07/2008;5.6396;4.07;4.29;4.168771329;4.242199752;4.34;3.928858593;3.987842461
15/07/2008;5.3414;3.93;4.16;4.065786252;4.151854148;4.19;3.839527519;3.872858717
16/07/2008;5.1947;3.82;4.08;4.015359595;4.078057761;4.1;3.808756203;3.794389461
17/07/2008;5.1947;3.77;3.99;3.957163028;4.007082674;4.03;3.716193734;3.753673226
18/07/2008;5.0494;3.67;3.85;3.840852202;3.909598195;3.96;3.63785968;3.702340224
19/07/2008;4.9058;3.56;3.78;3.770172288;3.861964961;3.86;3.619877059;3.633631719
20/07/2008;4.9058;3.49;3.8;3.709677772;3.786996779;3.82;3.52791022;3.529477945
21/07/2008;4.9058;3.44;3.76;3.655095479;3.740410306;3.79;3.457803341;3.450052781
22/07/2008;4.9058;3.4;3.67;3.589702142;3.66580256;3.71;3.430188078;3.394222716
23/07/2008;4.7637;3.32;3.58;3.515674734;3.610912174;3.68;3.322515788;3.378375722
24/07/2008;4.6231;3.35;3.48;3.472870148;3.582059912;3.59;3.278334881;3.331104223
25/07/2008;4.3468;3.73;3.9;4.62836448;4.532922325;3.78;3.91591179;3.431823287
26/07/2008;5.4897;4.49;4.57;4.951861513;4.809886672;4.12;4.193481178;3.85137968
27/07/2008;4.9058;3.71;3.96;3.589565987;3.643378436;3.76;3.353736932;3.444993004
28/07/2008;4.7637;3.44;3.66;3.428866122;3.480424579;3.56;3.221264717;3.280919943
29/07/2008;4.7637;3.27;3.53;3.311764196;3.395185095;3.45;3.128861715;3.196582787
30/07/2008;4.6231;3.19;3.37;3.256387105;3.335256026;3.39;3.06138998;3.103531806
31/07/2008;4.3468;3.09;3.28;3.163912604;3.240733513;3.29;2.991508621;3.066290091
01/08/2008;4.3468;2.96;3.2;3.115171293;3.196079825;3.29;2.939536662;3.006407501
02/08/2008;4.3468;2.92;3.1;3.0635344;3.138668988;3.29;2.88333869;2.964331577
03/08/2008;4.3468;3.03;3.26;3.503318647;3.527935366;3.3;3.116907069;2.947764847
04/08/2008;4.6231;3.68;3.8;4.614636662;4.452794496;3.56;3.794977458;3.205346178
05/08/2008;4.3468;4.33;4.38;4.919640262;4.701258245;3.78;4.038622144;3.500439114
06/08/2008;4.3468;3.93;4.11;3.9555034;3.875859206;3.63;3.47652193;3.360525272
07/08/2008;4.3468;3.46;3.65;3.475623869;3.48348759;3.44;3.140706548;3.140026756
08/08/2008;4.6231;4.48;4.41;5.760971268;5.369868966;3.87;4.398459962;3.469906524
09/08/2008;4.6231;9.08;8.05;11.57115269;10.10879121;5.62;7.876334584;5.026825892
10/08/2008;11.185;10.99;9.64;10.3408971;9.379014381;6.78;7.974438583;6.127660639
11/08/2008;6.8917;6.92;6.4;5.468991812;5.335900983;5.29;4.969157459;4.867118194
12/08/2008;5.1947;4.98;4.87;3.670449846;3.84421747;4.41;3.726134675;4.052551136
13/08/2008;4.6231;4.32;4.29;3.415037769;3.577413158;4.08;3.421947838;3.754377487
14/08/2008;4.3468;3.89;3.96;3.325733825;3.457423842;3.88;3.275087624;3.531980535
15/08/2008;4.077;3.61;3.72;3.269093912;3.371804449;3.69;3.173992208;3.40389031
16/08/2008;4.3468;3.47;3.57;3.194894155;3.28297506;3.53;3.077726112;3.25056372
17/08/2008;4.077;3.29;3.4;3.110813717;3.215179204;3.4;2.987399007;3.133752976
18/08/2008;3.9445;3.13;3.25;3.024178924;3.128826192;3.35;2.900308938;3.037468153
19/08/2008;3.8137;3.03;3.16;2.99442972;3.07898087;3.26;2.842748368;2.951894887
20/08/2008;3.8137;2.96;3.1;2.966462299;3.040391418;3.17;2.797410609;2.954219111
21/08/2008;3.6845;2.86;3.02;2.912441806;2.983393606;3.13;2.759454235;2.860732705
22/08/2008;3.6845;2.96;3.11;3.391403074;3.401711921;3.18;3.02976116;2.945141851
23/08/2008;3.9445;3.69;3.71;4.753108065;4.558556276;3.49;3.832099181;3.243688978
24/08/2008;6.098;4.3;4.23;4.644506474;4.475394964;3.72;3.876847226;3.399215572
25/08/2008;4.3468;3.57;3.75;3.354358189;3.36223851;3.4;3.060834795;3.202470744
26/08/2008;3.8137;3.2;3.34;3.004601298;3.064039265;3.21;2.846520705;2.977046676
27/08/2008;3.5571;2.94;3.08;2.809931573;2.904658297;3.06;2.668866648;2.820971994
28/08/2008;3.4313;2.82;2.98;2.773264435;2.874590121;2.98;2.626017237;2.737571781
29/08/2008;3.5571;3.04;3.17;3.72626536;3.669994449;3.11;3.18889158;2.869631792
30/08/2008;5.1947;4.72;4.46;6.2209237;5.773548603;3.85;4.731235929;3.500893213
31/08/2008;6.098;5.53;5.1;5.486542617;5.164396009;4.24;4.504049472;3.806823463
01/09/2008;4.4842;3.87;3.89;3.125246414;3.178126411;3.52;2.994072001;3.209928585
02/09/2008;4.077;3.29;3.39;2.797273223;2.88048525;3.22;2.715436397;2.940252783
03/09/2008;3.8137;3.02;3.16;2.688712861;2.776042381;3.08;2.608002393;2.80118404
04/09/2008;3.4313;2.79;2.91;2.59403889;2.682663492;2.94;2.511116376;2.708070846
05/09/2008;3.4313;2.65;2.79;2.561935716;2.635143951;2.88;2.461406714;2.61340987
06/09/2008;3.3072;2.63;2.75;2.578010287;2.635783729;2.81;2.476757396;2.564301734
07/09/2008;3.3072;2.63;2.75;2.777703598;2.801435002;2.76;2.576721745;2.576336583
08/09/2008;3.5571;2.81;2.86;3.133371321;3.122748748;2.83;2.795122233;2.614854699
09/09/2008;3.8137;2.83;2.93;3.048206014;3.097830636;2.82;2.755343702;2.607932001
10/09/2008;3.5571;2.78;2.9;2.848677245;2.890544907;2.8;2.640708564;2.581166488
11/09/2008;3.3072;2.6;2.72;2.527537035;2.587373307;2.7;2.43665081;2.525696473
12/09/2008;3.0643;2.46;2.6;2.619108185;2.644513081;2.68;2.479803076;2.488618881
13/09/2008;3.0643;2.71;2.85;3.174907397;3.100352945;2.75;2.790259542;2.553017315
14/09/2008;3.1849;3.29;3.23;4.340272419;4.115200934;3.03;3.511869809;2.748905463
15/09/2008;4.077;4.18;3.94;4.727561251;4.478429666;3.46;3.900733578;3.140467792
16/09/2008;3.5571;4.1;3.96;4.530781727;4.289478224;3.43;3.719647621;3.115204651
17/09/2008;6.73;4.68;4.45;4.749975228;4.475839638;3.69;3.925135101;3.407971542
18/09/2008;4.9058;3.9;3.93;3.531128406;3.435078815;3.54;3.153848553;3.118441393
19/09/2008;4.6231;3.35;3.41;2.925929455;2.927803057;3.15;2.749335139;2.88576383
20/09/2008;3.5571;3.17;3.19;3.146520178;3.117958294;3.04;2.835304761;2.771224114
21/09/2008;3.6845;3.79;3.63;4.192300878;3.981277974;3.25;3.455108909;2.970164928
22/09/2008;4.077;3.94;3.75;3.814626381;3.659748203;3.3;3.273725715;3.062016614
23/09/2008;3.6845;3.26;3.29;2.942441551;2.947287528;3.05;2.738701912;2.841663578
24/09/2008;3.3072;3.07;3.11;2.903370381;2.90541765;2.92;2.683985756;2.724937834
25/09/2008;3.1849;2.84;2.89;2.625703779;2.664538023;2.79;2.486379599;2.602063869
26/09/2008;4.077;4.52;4.06;6.562789134;5.959934009;3.46;4.748588188;3.148658471
27/09/2008;7.3852;9.83;8.21;11.1008231;9.72130015;5.47;7.795722094;4.914544474
28/09/2008;8.7628;9.89;8.36;8.856492692;8.108997938;6.06;7.040773826;5.572230824
29/09/2008;8.4102;6.64;5.97;5.15625347;5.037947449;5.02;4.814415271;4.734147857
30/09/2008;4.7637;4.64;4.46;3.251598412;3.401768969;4.07;3.426935039;3.80666371
01/10/2008;4.2111;10.94;9.18;13.30264561;11.50463774;6.56;8.945234293;5.877172392
02/10/2008;18.5114;16.04;13.31;13.36180283;12.17995966;9.47;10.87907418;9.279291626
03/10/2008;7.3852;7.86;6.77;5.692186839;5.83717721;6.34;6.3415819;6.543763042
04/10/2008;5.0494;8.46;7.48;8.352565145;8.025585459;6.8;7.5665986;7.024722058
05/10/2008;8.7628;9.71;8.79;8.970827715;8.69213173;7.95;8.606931881;8.292309612
06/10/2008;5.1947;8.3;7.76;8.318803974;8.196183472;7.54;8.094321425;7.800467972
07/10/2008;5.7909;10.46;9.54;9.95534336;9.69333425;8.88;9.482849459;9.194411114
08/10/2008;7.7213;9.65;8.92;9.171399238;9.066982038;8.68;9.12668087;9.181355059
09/10/2008;18.2766;8.47;8.01;7.757245582;7.83441006;8.05;8.317427459;8.63477473
10/10/2008;7.8914;6.09;6.09;5.365743693;5.681170635;6.59;6.489491227;7.138587343
11/10/2008;6.098;5.16;5.33;4.604545739;4.911984917;5.9;5.624264083;6.283751869
12/10/2008;5.0494;4.62;4.85;4.260389239;4.533767134;5.43;5.139067032;5.722239208
13/10/2008;4.6231;4.31;4.55;4.08740101;4.324646879;5.13;4.799603303;5.313022803
14/10/2008;4.3468;4.04;4.28;3.847366153;4.073085224;4.77;4.477884593;4.971626712
15/10/2008;4.077;3.76;3.98;3.575835857;3.813716309;4.46;4.168366183;4.642425335
16/10/2008;3.9445;3.57;3.79;3.530603249;3.749258817;4.23;4.017458826;4.385024663
17/10/2008;3.9445;3.64;3.8;3.899114552;4.029227918;4.16;4.132220977;4.285233712
18/10/2008;4.3468;5.5;5.21;7.340289982;6.898623524;4.96;6.101313817;5.037865975
19/10/2008;5.1947;9.88;8.6;10.98599556;10.1048528;7.05;8.674812047;7.127740341
20/10/2008;8.9412;9.46;8.42;8.397562291;8.076501954;7.24;7.751451282;7.403970902
21/10/2008;7.2193;5.92;5.75;4.900108703;5.110717287;5.77;5.551590514;6.005890315
22/10/2008;4.7637;4.79;4.9;4.171456318;4.421334388;5.18;4.874781376;5.41392877
23/10/2008;4.077;4.26;4.46;3.849444581;4.104731907;4.82;4.492174794;5.012852675
24/10/2008;3.8137;3.94;4.15;3.649194215;3.894093617;4.54;4.2093705;4.692176802
25/10/2008;3.3072;3.67;3.9;3.542007679;3.779581252;4.32;4.019031363;4.428853837
26/10/2008;3.3072;3.53;3.8;3.478245277;3.694287795;4.14;3.878478537;4.222605555
27/10/2008;3.3072;3.48;3.67;3.558628538;3.74267875;4.07;3.857457535;4.088619969
28/10/2008;3.3072;3.62;3.71;3.733424618;3.857427417;4.01;3.901446302;4.020938712
29/10/2008;3.3072;5.73;5.33;8.282020085;7.680072275;4.98;6.530475035;4.943906171
30/10/2008;6.73;11.09;9.47;11.66563952;10.78174091;7.77;9.267020316;7.603199547
31/10/2008;7.3852;10.03;8.72;8.942774257;8.614959941;7.74;8.183412434;7.780059783
01/11/2008;7.3852;7.41;6.75;6.203780991;6.304604737;6.56;6.485888245;6.745164031
02/11/2008;4.4842;12.6;10.87;12.80532233;11.83507591;9.43;10.6016022;9.804111832
03/11/2008;26.6008;16.47;13.77;13.70770278;13.0705648;11.91;13.08859852;13.17213622
04/11/2008;8.063;19.83;17.01;17.38984426;16.47953381;15.2;16.39548791;16.67277988
05/11/2008;17.348801;21.01;17.4;16.60445977;16.2654182;16.49;17.90656288;18.96019897
06/11/2008;10.4162;27.1;23.7;24.01681457;22.60303006;22.17;23.76040541;25.01617527
07/11/2008;20.674801;25.7;21.99;20.20214369;20.33564247;22.32;24.62172477;26.82165545
08/11/2008;9.8532;12.22;11.45;10.46273185;11.57027176;14.42;15.13180619;17.30105404
09/11/2008;7.2193;9.07;8.99;8.376110599;9.334921628;11.67;11.87085398;13.68853202
10/11/2008;5.7909;9.04;9.38;9.916903094;10.32787846;11.26;11.81069926;12.79518976
11/11/2008;11.577;10.47;10.66;11.01240973;11.03423393;11.55;12.09544228;12.78483174
12/11/2008;10.0395;11.12;11.21;11.53469776;11.41622146;11.73;12.25867711;12.82183279
13/11/2008;8.063;49.12;43.76;47.44808034;43.46981263;36.95;40.70883671;38.22605804
14/11/2008;29.629299;64.32;53.08;46.69825101;44.60103081;46.67;53.26950261;57.56730987
15/11/2008;18.2766;20.85;19.84;16.45383139;18.87539372;24.04;25.93137354;30.08746455
16/11/2008;9.8532;13.99;13.24;12.16102924;13.98626269;17.98;18.76064225;21.75191097
17/11/2008;8.5858;28.02;26.87;31.51824767;29.67050903;27.18;30.0698974;29.75929541
18/11/2008;16.891701;32.67;29.86;28.03569863;28.36550559;30.24;33.4103952;35.39513683
19/11/2008;10.9908;16.05;16.15;15.59218563;17.2783712;20.9;22.31926684;24.78212453
20/11/2008;12.5792;12.56;13.4;13.37303181;14.72815328;17.64;18.55660711;20.43617721
21/11/2008;8.4102;10.94;12.03;12.10484901;13.25197971;15.69;16.33665183;17.84126626
22/11/2008;8.063;11.85;12.96;13.89405249;14.5212855;15.59;16.50230805;17.14419617
23/11/2008;10.4162;16.07;16.54;17.71950292;17.49755526;17.21;18.31576482;18.28000611
24/11/2008;16.891701;45.74;41.01;44.85131396;41.06593196;34.7;38.01068861;35.67508252
25/11/2008;40.056599;60.53;50.16;47.69731379;45.37338506;45.79;49.96586518;51.53835737
26/11/2008;26.871;35.74;34.17;32.34438471;33.73221096;37.34;39.59229696;42.36770163
27/11/2008;23.9555;38.21;36.2;36.516639;37.00480042;38.54;40.558791;42.16325664
28/11/2008;18.9844;34.93;33.36;32.42794085;33.77388287;36.67;38.44108667;40.66548152
29/11/2008;21.6649;36.95;35.48;36.16270943;36.60241044;37.67;39.0869287;40.29877664
30/11/2008;25.796301;34.98;33.61;32.56932938;33.90901558;36.48;37.84764415;39.64829228
01/12/2008;18.5114;22.59;22.89;21.80770889;24.07454079;28.14;28.61435964;30.6837175
02/12/2008;13.6124;27.71;28.47;29.92265252;30.12944403;30.45;30.91200461;31.32370525
03/12/2008;23.1824;31.85;30.75;30.10274725;30.49116727;31.43;32.04881068;32.75409717
04/12/2008;15.3283;21.46;21.78;21.07207389;22.61811424;25.48;25.58479798;27.00764511
05/12/2008;12.3763;15.91;17.37;17.28924374;18.80576646;21.59;21.34662234;22.68559316
06/12/2008;11.185;13.9;15.73;15.87088414;17.06051074;19.36;19.01131527;20.1160263
07/12/2008;10.6064;13.83;15.78;16.26912645;17.04662103;18.51;18.19576849;18.81969251
08/12/2008;9.302;15.88;17.37;18.07255131;18.27428688;18.69;18.55503155;18.65590596
09/12/2008;8.4102;15.11;16.14;16.28294313;16.65223242;17.55;17.15917625;17.55503185
10/12/2008;7.7213;12.39;13.78;13.91958114;14.56214632;15.83;15.25868033;15.89187258
11/12/2008;8.5858;17.57;18.32;19.83697551;19.18063901;17.86;17.98643762;17.35086527
12/12/2008;10.2272;22.1;21.23;21.34031279;20.51008046;19.25;19.08343018;18.53713356
13/12/2008;12.3763;17.89;17.48;17.0176764;17.0161228;17.28;16.87630611;16.9638721
14/12/2008;9.302;34.81;31.26;32.89725507;29.77495865;25.36;25.62408321;23.80828984
15/12/2008;66.146103;62.44;53.74;53.07531633;48.68353603;42.69;44.87419789;43.1122956
16/12/2008;33.658401;65.4;53.32;48.66249965;46.23315939;46.39;48.47461967;49.1808901
17/12/2008;31.332399;42.86;39.95;37.6369088;37.82891484;40.29;41.61818736;43.16003988
18/12/2008;23.1824;39.56;37.75;36.75851195;36.85326598;38.42;39.49037682;40.72487688
19/12/2008;26.3316;58.03;52.65;53.24165757;51.51350814;49.43;51.36478313;50.86547369
20/12/2008;39.429298;53.65;47.48;42.81771941;43.1887227;47.53;49.62997774;52.41101726
21/12/2008;21.1677;25.27;27.39;26.74482302;28.83567043;32.59;33.05776032;35.2030564
22/12/2008;17.8104;24.13;25.86;26.35824007;27.51779626;29.38;29.56595634;30.69209089
23/12/2008;18.042999;29.87;30.54;31.50081647;31.14531407;30.75;30.85823732;30.98923842
24/12/2008;15.5481;28.87;28.74;28.22131269;28.50902995;29.24;29.31871527;29.87727936
25/12/2008;13.4033;22.33;23.76;23.96506813;24.74225517;26.01;25.81754924;26.56115001
26/12/2008;15.1096;34.83;34.03;34.66137851;32.83890268;30.62;30.51610772;29.9890001
27/12/2008;24.738199;38.66;36.04;34.78134144;33.54287544;32.38;32.52127775;32.43999585
28/12/2008;21.6649;46.41;42.07;41.6844369;39.24258322;36.8;37.01052756;36.74338891
29/12/2008;27.687901;41.44;38.43;35.96035872;35.6208778;36.15;36.90085495;37.43560961
30/12/2008;18.7474;25.82;26.15;25.19963518;26.50467851;29.07;29.20928421;30.38281006
31/12/2008;15.7691;30.41;30.92;31.86640944;31.21596184;30.71;30.83961725;30.68228597
01/01/2009;20.9207;31.54;30.65;29.62888019;29.5221656;30.13;30.1820279;30.5113684
02/01/2009;15.1096;31.11;30.99;31.23140224;30.58851122;30.22;30.23366553;30.13100355
03/01/2009;15.9913;30.12;29.11;28.09735744;28.15306823;28.94;28.89214036;29.30579403
04/01/2009;13.4033;41.5;39.09;39.90695422;37.22562159;34.49;34.44464458;33.65698728
05/01/2009;26.3316;59.29;52.46;50.30423932;47.01154022;43.9;45.05479781;44.33631878
06/01/2009;31.332399;44.06;39.65;36.09600177;36.38501598;38.68;39.43956136;40.56526565
07/01/2009;22.166401;25.27;26.47;25.52677954;27.06963252;30.05;30.08895253;31.51159535
08/01/2009;17.348801;20.29;21.99;21.98716267;23.37431878;25.94;25.49855008;26.69852322
09/01/2009;15.5481;18.06;20.46;20.89418689;21.91385976;23.64;23.15868247;23.84513136
10/01/2009;15.1096;16.64;19;19.30678809;20.160557;21.73;21.06474933;21.76748075
11/01/2009;13.4033;14.64;17.24;17.5216752;18.35923313;19.82;19.0360819;19.74943425
12/01/2009;12.9888;13.5;16.06;16.3414434;17.09485039;18.35;17.57193518;18.12131407
13/01/2009;12.1746;12.81;15.23;15.60138601;16.2398021;17.23;16.45084133;16.89147137
14/01/2009;11.185;22.55;24.08;26.69157079;24.99007233;21.17;21.69657378;19.75073201
15/01/2009;15.1096;45.53;40.42;40.59982358;36.35048761;30.17;30.24528355;27.80513413
16/01/2009;33.364201;44.67;39.56;36.73798873;34.16918974;31.28;31.2430301;30.32524195
17/01/2009;18.7474;50.53;44.04;42.10463352;38.78828355;35.75;35.58176937;34.91189054
18/01/2009;22.6723;48.4;41.85;38.972623;37.3752088;36.77;37.34686466;37.42776657
19/01/2009;22.4188;60.49;53.13;52.84022157;49.83201834;46.6;47.74661427;46.8292755
20/01/2009;17.8104;93.15;75.76;72.33532161;67.0319042;63.72;66.78832939;66.22399322
21/01/2009;55.8372;163.33;132.88;124.1568728;112.6272456;103.63;112.2851867;112.7331723
22/01/2009;76.2948;172.08;152.74;141.3570792;133.5058243;136.16;141.0960707;150.2246417
23/01/2009;41.640999;95.56;94.16;91.48695306;90.93582247;96.28;97.48787046;101.7040951
24/01/2009;39.7425;70.33;73.79;71.27890188;73.11745595;78.31;79.46325959;82.01540698
25/01/2009;30.193001;40.51;47.19;48.56997388;52.14386442;57.77;57.66448;59.73508283
26/01/2009;30.476299;37.41;42.02;43.09701181;45.1520763;48.34;47.24366442;48.70170772
27/01/2009;24.215401;53.61;54.66;56.25661956;55.32721555;53.14;52.91752355;51.55067329
28/01/2009;60.909698;57.21;56.47;54.68685727;53.52818904;52.97;51.76909613;51.81018915
29/01/2009;30.193001;32.74;36.88;37.24069841;39.12500822;41.54;40.54783201;41.26037056
30/01/2009;24.215401;38.23;41.41;42.88861713;42.9241045;41.92;41.15474863;40.55490496
31/01/2009;31.908001;44.76;45.22;45.26188937;44.47931661;42.99;41.98525386;41.40908239
01/02/2009;28.5138;33.48;35.35;34.36982204;35.42027484;36.75;35.50203038;35.99762076
02/02/2009;22.166401;27.19;30.95;32.04048904;32.92064509;33.24;32.24302313;32.21816033
03/02/2009;24.215401;24.87;27.66;28.00490124;29.10894513;30.14;28.78634181;29.04738475
04/02/2009;20.1863;20.71;24.36;25.22692203;26.49184934;27.34;26.0463633;26.14065287
05/02/2009;21.6649;44.22;44.34;46.98564131;44.19278685;37.64;37.20845658;34.26542763
06/02/2009;27.9622;48.52;44.15;40.56149864;38.14302836;36.79;35.37830982;35.01859232
07/02/2009;20.1863;25.38;26.93;26.1568136;27.1441371;28.34;27.03067136;27.52163937
08/02/2009;19.222601;26.44;28.65;29.42899637;29.28588069;28.4;27.45979762;26.9744265
09/02/2009;21.6649;54.57;51.12;52.18700512;48.54501735;42.33;41.83846548;39.18721885
10/02/2009;21.6649;72.11;62.5;58.09705514;52.27285727;48.53;47.89089591;47.38711944
11/02/2009;23.438999;49.57;44.97;41.62293998;40.79689513;41.48;40.89235759;41.58425243
12/02/2009;20.674801;74.19;65.34;64.62590321;60.53468794;55.89;56.3956131;55.02562617
13/02/2009;40.371601;98.69;84.95;78.64357116;72.97903647;69.79;71.73848464;72.44098902
14/02/2009;46.864399;67.18;63.52;60.72716568;59.24810023;59.95;60.74129008;62.87386844
15/02/2009;28.791201;49.68;49.02;45.95327605;46.80288834;50.58;50.35466062;53.71955677
16/02/2009;23.1824;28.97;33.1;33.5314489;35.65878288;38.44;37.86888146;39.60683159
17/02/2009;20.9207;24;28.01;28.73346179;30.66897604;33.12;32.19858373;33.46571936
18/02/2009;19.7022;19.83;24.14;25.12601935;26.97471791;29.06;27.97559555;28.9837113
19/02/2009;18.2766;17.87;22.18;23.20992837;24.84156787;26.4;25.32961295;26.00324235
20/02/2009;18.5114;16.52;20.68;21.71106948;23.1165547;24.4;23.2198097;23.79124277
21/02/2009;16.439199;15.13;19.03;19.99069743;21.26207466;22.41;21.25120143;21.74352219
22/02/2009;17.1196;14.6;18.32;19.49701701;20.47404842;21.09;20.17069659;20.44907335
23/02/2009;15.3283;14.29;17.74;18.69205308;19.51751321;19.94;19.0194796;19.13594708
24/02/2009;15.1096;13.79;17.01;18.02041004;18.72747095;19.06;18.09207146;18.15078296
25/02/2009;15.5481;13.11;15.98;16.79312748;17.48701256;17.91;16.96874725;17.17664285
26/02/2009;14.2469;11.78;14.65;15.34315871;16.15176364;16.8;15.66757371;15.93025432
27/02/2009;13.6124;11.01;13.81;14.41447562;15.21378359;15.68;14.70848995;15.01486408
28/02/2009;12.9888;10.41;13.04;13.53624593;14.28082852;14.93;13.83115446;14.10354364
01/03/2009;13.8227;10.41;13.04;13.7313508;14.29962666;14.59;13.56712959;13.64058286
02/03/2009;12.7834;10.13;12.41;12.82832234;13.34992388;13.73;12.70313194;12.90764149
03/03/2009;11.9742;8.97;11.2;11.64350209;12.26935911;12.92;11.77862471;12.16597313
04/03/2009;11.577;8.71;10.89;11.49303509;12.07333353;12.36;11.43614481;11.5688342
05/03/2009;11.9742;8.57;10.56;11.05372939;11.60132297;11.91;10.95922353;11.04546904
06/03/2009;12.1746;8.21;10.12;10.65623833;11.17255141;11.47;10.4704769;10.63169566
07/03/2009;12.3763;9.27;11.1;12.20712069;12.45242801;11.78;11.13301394;10.68026565
08/03/2009;12.9888;9.74;11.28;11.63087469;11.81657705;11.61;10.70703929;10.38152614
09/03/2009;11.185;8.52;10.15;10.53093569;10.89534802;10.85;9.99759312;9.917442507
10/03/2009;10.9908;10.29;11.62;12.71127404;12.63573676;11.42;11.01027952;10.2172887
11/03/2009;12.3763;11.92;12.82;13.45757248;13.19312787;11.87;11.39552093;10.5019636
12/03/2009;11.185;12.13;12.93;13.45641875;13.17810525;11.85;11.29892523;10.31072846
13/03/2009;13.8227;12.95;13.41;13.8443324;13.44903862;11.82;11.40769691;10.35614345
14/03/2009;11.775;17.24;17.07;18.48017289;17.13283278;13.38;13.68818466;11.48926501
15/03/2009;13.4033;19.58;18.43;18.49982742;17.28323066;14.36;14.19574292;12.34511248
16/03/2009;10.9908;14.4;14.12;13.25478755;13.03853936;12.62;11.58504489;11.12689511
17/03/2009;10.6064;10.4;10.96;10.14187341;10.43717233;10.92;9.694996013;9.750125482
18/03/2009;10.2272;9.03;10.11;9.58230555;9.880621535;10.21;9.08875499;9.147528467
19/03/2009;10.4162;8.75;9.82;9.596934686;9.809078097;9.85;8.904176679;8.835454241
20/03/2009;9.8532;8.09;9.13;8.768869057;9.033586208;9.28;8.324903415;8.470939828
21/03/2009;9.302;7.39;8.42;8.269441291;8.552961148;8.87;7.897236015;8.068048198
22/03/2009;9.4844;8.43;9.24;9.915053489;9.925583682;9.3;8.688243041;8.123706397
23/03/2009;10.0395;8.96;9.62;9.752803482;9.66653611;9.28;8.610189392;8.187406958
24/03/2009;10.2272;12.47;12.63;14.64423245;13.65285033;10.59;10.957459;9.179376389
25/03/2009;17.348801;16.9;15.83;16.16791545;15.00248184;12.19;12.22957525;10.63774765
26/03/2009;9.8532;12.96;12.51;11.6648791;11.30722214;10.76;9.943236773;9.60011882
27/03/2009;9.1209;11.47;11.49;11.33367809;11.04744531;10.2;9.584991123;9.055341651
28/03/2009;11.185;13.46;13.12;13.0703109;12.40571888;10.76;10.40307497;9.475024449
29/03/2009;13.8227;17.09;15.89;16.26919855;14.99915487;12.08;12.12109278;10.56534232
30/03/2009;15.3283;18.85;16.96;16.6248817;15.39982086;12.88;12.76979794;11.51624832
31/03/2009;15.1096;15.41;14.32;13.5864282;13.00131465;11.97;11.41441137;10.82461254
01/04/2009;13.1954;19.51;17.97;18.03497329;16.56553657;13.4;13.61322542;12.08312088
02/04/2009;23.696699;18.97;16.8;15.21798043;14.43705809;13.51;12.89144071;12.53129527
03/04/2009;13.1954;12.17;11.92;11.3127773;11.25763078;11.27;10.61290213;10.53770075
04/04/2009;11.185;11.37;11.47;10.67809424;10.60289462;10.79;10.01406292;10.1134941
05/04/2009;9.8532;9.48;10.03;9.394337646;9.546750398;9.95;9.116049835;9.301478462
06/04/2009;10.6064;11.09;11.27;11.55066749;11.21175865;10.3;9.947888967;9.54878537
07/04/2009;13.1954;15.18;14.43;15.05873536;14.02061241;11.69;11.81358585;10.75773521
08/04/2009;17.579;17.56;16.01;15.90127643;14.8029343;12.63;12.68694143;11.8260025
09/04/2009;15.1096;15.06;13.96;13.15486323;12.60341266;11.99;11.47870542;11.28500538
10/04/2009;11.3804;12.26;11.93;11.31138537;11.09787027;10.99;10.41312623;10.44963617
11/04/2009;11.577;10.58;10.68;9.865547638;9.871639423;10.25;9.512199526;9.761778856
12/04/2009;10.2272;9.05;9.49;8.909480326;9.070254779;9.53;8.800889927;9.02663434
13/04/2009;9.8532;8.61;9.07;8.598842917;8.730424695;9.09;8.410381017;8.648029066
14/04/2009;9.302;8.23;8.68;8.53932544;8.645535279;8.81;8.241791739;8.327220775
15/04/2009;9.4844;10.55;10.47;11.36684821;10.93957633;9.49;9.648739109;8.959272577
16/04/2009;9.8532;15.11;14.01;14.91768801;13.82251802;11.31;11.68568683;10.60259695
17/04/2009;14.6759;14.81;13.51;12.91434729;12.21218394;11.3;10.99827477;10.69955166
18/04/2009;9.8532;10.62;10.43;9.518253432;9.469243592;9.79;9.155805256;9.390171433
19/04/2009;9.1209;8.81;9.07;8.249770928;8.387766354;9;8.26715397;8.637387335
20/04/2009;8.7628;7.74;8.14;7.461878563;7.690974756;8.36;7.614246118;8.056694062
21/04/2009;8.4102;8.35;8.61;9.025382855;8.940176842;8.5;8.295369846;8.117376557
22/04/2009;8.7628;9.67;9.71;9.79578;9.502664827;8.88;8.682200457;8.429981391
23/04/2009;8.4102;11.51;10.95;11.92176159;11.23719156;9.54;9.817725172;9.007978069
24/04/2009;14.6759;11.81;11.12;10.50482049;10.03156373;9.67;9.189096608;9.137555233
25/04/2009;8.7628;8.54;8.69;8.143796137;8.211942796;8.53;7.913139788;8.113610489
26/04/2009;8.4102;8.63;8.75;8.442084455;8.373348176;8.32;7.926284911;7.983060637
27/04/2009;8.4102;12.49;11.6;12.99150577;12.06876562;9.75;10.18635149;9.127731088
28/04/2009;14.6759;14.54;12.93;12.26559808;11.46744356;10.53;10.23226612;10.00636869
29/04/2009;8.7628;9.09;8.86;7.730598815;7.832651899;8.68;7.811172392;8.263905655
30/04/2009;8.2359;7.96;8.07;7.572230013;7.657516133;8.17;7.509767403;7.838721316
01/05/2009;8.063;8.07;8.18;8.023252815;7.974792156;8.08;7.617576667;7.738795963
02/05/2009;9.6681;7.58;7.76;7.517856005;7.530624272;7.77;7.265682604;7.420987759
03/05/2009;8.2359;6.87;7.17;6.821251016;6.927410785;7.38;6.794028887;7.036333342
04/05/2009;7.7213;6.53;6.88;6.669422055;6.775383363;7.13;6.584550308;6.81858983
05/05/2009;7.3852;6.42;6.78;6.558174359;6.670374825;6.89;6.448669802;6.667636578
06/05/2009;7.2193;5.97;6.37;6.099142152;6.253261338;6.6;6.141319277;6.400327546
07/05/2009;7.2193;5.63;5.97;5.754058592;5.914818961;6.44;5.854950691;6.191833392
08/05/2009;7.0548;5.48;5.83;5.750515461;5.869750886;6.32;5.766374199;5.970947667
09/05/2009;6.73;5.4;5.77;5.729676973;5.826775924;6.14;5.622138056;5.839361322
10/05/2009;7.0548;5.31;5.76;5.631904589;5.704525214;6.06;5.493134198;5.703507403
11/05/2009;6.73;5.04;5.49;5.375603942;5.473673201;5.77;5.325317591;5.511915135
12/05/2009;6.73;4.93;5.34;5.260931438;5.363139266;5.63;5.188571696;5.382001052
13/05/2009;6.73;4.74;5.23;5.027363432;5.150308746;5.6;5.051285847;5.311734823
14/05/2009;6.4111;4.55;4.97;4.837975859;4.988790107;5.34;4.892833058;5.19692491
15/05/2009;6.2538;5.71;5.86;7.422756393;7.117046572;5.83;6.142505703;5.666607315
16/05/2009;8.4102;9.46;9.02;10.8414387;9.975614663;7.3;8.216998418;6.682223749
17/05/2009;7.7213;8.91;8.64;8.233027141;7.869757357;7.25;7.028326462;6.731395603
18/05/2009;6.5699;6.05;6.27;5.268427622;5.396127011;6.05;5.270549634;5.778451697
19/05/2009;6.4111;5.34;5.67;4.982588461;5.113167939;5.64;4.981942964;5.407277309
20/05/2009;6.098;4.88;5.23;4.797156343;4.93658382;5.33;4.80448472;5.138644896
21/05/2009;6.098;4.79;5.11;4.916040711;5.017479134;5.24;4.770012709;4.961817129
22/05/2009;5.9437;4.59;4.88;4.685806854;4.799055057;5.18;4.590507644;4.862350819
23/05/2009;5.9437;4.35;4.66;4.45670436;4.613100855;4.86;4.416391684;4.629499198
24/05/2009;5.9437;4.24;4.51;4.31612456;4.466948679;4.81;4.294469736;4.52483712
25/05/2009;5.7909;4.06;4.42;4.184785698;4.311675674;4.7;4.148825953;4.527816774
26/05/2009;5.7909;3.98;4.27;4.081745951;4.217241471;4.47;4.092376229;4.356552332
27/05/2009;5.7909;4.46;4.68;5.435812267;5.364410068;4.7;4.751721616;4.449218946
28/05/2009;5.4897;9.46;8.64;12.43514167;11.04541139;6.64;8.484450088;5.915738133
29/05/2009;16.439199;13.9;12.21;13.36634041;12.12010126;8.66;9.82816268;7.700376108
30/05/2009;10.2272;10.11;9.19;8.243741525;7.848670095;7.49;7.103747559;6.884309558
31/05/2009;7.2193;6.88;6.72;5.338752954;5.402014526;6.17;5.267524551;5.786245841
01/06/2009;6.5699;6.01;6.06;5.282872159;5.323245243;5.76;5.061033941;5.389481299
02/06/2009;6.5699;5.94;5.98;5.47831595;5.452527757;5.59;5.088898102;5.258204682
03/06/2009;6.098;5.28;5.4;4.721956278;4.804765693;5.21;4.616639273;4.953469918
04/06/2009;5.7909;4.88;5.02;4.5411834;4.636460373;4.98;4.442931204;4.717624866
05/06/2009;5.7909;4.76;4.85;4.628209573;4.6926042;4.91;4.427548532;4.617641103
06/06/2009;5.7909;4.75;4.85;4.612146436;4.63085647;4.77;4.358977392;4.540830972
07/06/2009;5.7909;4.43;4.62;4.33989693;4.402507803;4.58;4.182446112;4.410823213
08/06/2009;5.4897;4.35;4.57;4.311060053;4.366586331;4.5;4.129521247;4.281445105
09/06/2009;5.4897;4.14;4.31;4.051692265;4.132299507;4.38;3.945032384;4.214927849
10/06/2009;5.3414;4.64;4.69;5.348763322;5.209975883;4.64;4.614213587;4.346178914
11/06/2009;5.0494;6.53;6.35;7.338312031;6.819527722;5.46;5.805533219;5.038336536
12/06/2009;5.3414;9.77;8.71;10.86450198;9.744589361;6.57;7.852763059;6.047142203
13/06/2009;10.6064;11.04;9.75;9.639893508;8.919791747;7.37;7.631388793;6.800436873
14/06/2009;6.73;7.09;6.87;5.859612822;5.768125108;6.04;5.497737613;5.659767361
15/06/2009;5.4897;7.76;7.28;7.495121874;7.080854377;6.1;6.207840201;5.709151816
16/06/2009;5.4897;8.48;7.83;7.394504065;7.019957466;6.5;6.308646215;6.051450103
17/06/2009;5.1947;5.92;5.87;4.854943406;4.936010575;5.53;4.907744237;5.249344362
18/06/2009;5.1947;5.28;5.33;4.6494026;4.735905197;5.16;4.651467458;4.959163718
19/06/2009;5.0494;4.97;5.09;4.615491366;4.68167654;4.95;4.544154208;4.780293547
20/06/2009;5.1947;4.81;4.94;4.569330593;4.618842296;4.82;4.453202302;4.614002677
21/06/2009;4.7637;4.7;4.82;4.492003114;4.546826091;4.73;4.362343348;4.496610796
22/06/2009;4.7637;4.49;4.57;4.321410573;4.404394706;4.56;4.221428267;4.371272994
23/06/2009;4.7637;4.32;4.44;4.240036996;4.302636302;4.47;4.113601491;4.257214792
24/06/2009;4.6231;4.16;4.29;4.143031881;4.195421945;4.4;4.006318749;4.164196862
25/06/2009;4.3468;5.29;5.13;6.415256311;6.089376043;4.81;5.235815364;4.540848359
26/06/2009;5.9437;8.79;7.99;9.751470955;8.778162315;6.18;7.215864259;5.714095303
27/06/2009;5.0494;11.98;10.41;11.88507827;10.62129239;7.46;8.720046758;6.734338082
28/06/2009;15.1096;10.96;9.54;9.028689403;8.442839987;7.45;7.501032331;6.86590598
29/06/2009;6.2538;6.9;6.52;5.332640324;5.372854242;6.07;5.365814867;5.763659742
30/06/2009;5.1947;5.8;5.72;4.750372371;4.842960745;5.51;4.865962064;5.274020788
01/07/2009;4.9058;5.24;5.26;4.571474974;4.654104225;5.24;4.639757021;5.004149451
02/07/2009;4.9058;5.9;5.76;6.299669228;6.076633649;5.42;5.52568604;5.17764505
03/07/2009;6.2538;7.38;6.99;7.333689712;6.898507484;6.01;6.144509315;5.663165444
04/07/2009;5.3414;7.66;7.18;7.43498993;7.019049604;6.07;6.278212618;5.805035654
05/07/2009;5.7909;7.72;7.22;6.995811396;6.682101852;6.21;6.141501382;5.94448544
06/07/2009;4.9058;6.02;5.99;5.311983519;5.323471091;5.62;5.212471767;5.438360617
07/07/2009;4.9058;5.29;5.35;4.731248071;4.829464912;5.2;4.788528544;5.152262368
08/07/2009;4.6231;5.22;5.29;5.083782741;5.100491321;5.13;4.907896557;5.014927093
09/07/2009;4.6231;5.33;5.34;5.097554378;5.08905373;5.13;4.869948664;4.978656014
10/07/2009;4.3468;4.84;4.91;4.644349898;4.715078419;4.87;4.5776196;4.755470018
11/07/2009;4.3468;6.55;6.08;7.357890195;6.927312838;5.48;6.029215347;5.227415233
12/07/2009;8.9412;7.94;7.19;7.283520111;6.858210932;6.04;6.10073781;5.690958314
13/07/2009;5.3414;5.68;5.64;5.036815958;5.06575848;5.3;4.92322463;5.103927388
14/07/2009;5.2331;5.36;5.38;5.070446088;5.07777387;5.13;4.878227043;4.983716496
15/07/2009;5.0758;5.65;5.56;5.574806329;5.479532358;5.21;5.120678742;5.02077637
16/07/2009;5.0758;5.99;5.77;5.674310278;5.539945457;5.31;5.171283172;5.103764968
17/07/2009;4.9203;5.32;5.26;5.007041515;5.006123071;5.05;4.803522388;4.903533141
18/07/2009;4.465;5.95;5.66;6.1366273;5.932860004;5.25;5.393194566;5.06892022
19/07/2009;6.214;7.26;6.59;6.937667102;6.56901731;5.7;5.882359782;5.456193381
20/07/2009;6.0462;7.58;6.88;7.167257256;6.796637001;5.91;6.072849959;5.640450495
21/07/2009;5.7157;7.64;7.02;6.878553378;6.570126456;6.03;6.013240165;5.805557685
22/07/2009;5.0758;6.26;6.02;5.469485574;5.429796898;5.57;5.245612927;5.395546568
23/07/2009;5.0758;5.63;5.53;5.246773038;5.247663895;5.31;5.077163125;5.176358878
24/07/2009;5.0758;7.46;6.73;7.612127936;7.167854499;5.95;6.394271014;5.711508322
25/07/2009;10.1209;8.21;7.34;7.314820257;6.934806786;6.27;6.304647673;6.026167967
26/07/2009;6.5549;6.91;6.56;6.318925383;6.144601113;5.87;5.787993522;5.712310442
27/07/2009;5.3922;7.07;6.7;6.466214857;6.257984099;5.99;5.892859529;5.829142874
28/07/2009;6.3836;6.32;6.08;5.791041329;5.712002441;5.67;5.511447481;5.554792785
29/07/2009;6.3836;5.94;5.79;5.490856132;5.454047673;5.52;5.312107193;5.426956017
30/07/2009;5.3922;6.16;5.88;6.027993373;5.89124467;5.52;5.54881841;5.430838828
31/07/2009;8.9326;6.55;6.15;5.958997461;5.793346921;5.63;5.500975259;5.501857131
01/08/2009;5.7157;5.18;5.21;4.657521225;4.744248738;5.16;4.765084856;5.069957684
02/08/2009;5.2331;4.68;4.79;4.361577224;4.480101875;4.9;4.518395651;4.844342758
03/08/2009;4.9203;4.48;4.59;4.369056305;4.468490517;4.7;4.441739137;4.680611364
04/08/2009;4.7667;4.41;4.52;4.377123652;4.456241201;4.61;4.384353093;4.563610133
05/08/2009;4.7667;4.34;4.38;4.295407032;4.366365622;4.53;4.281486789;4.479431425
06/08/2009;4.465;4.22;4.3;4.146973059;4.223686593;4.4;4.150043267;4.35972441
07/08/2009;4.465;4;4.09;3.963826114;4.067035668;4.27;4.001397699;4.231660191
08/08/2009;4.1707;3.93;4.03;3.953668992;4.083025083;4.19;3.963410301;4.150598232
09/08/2009;4.1707;3.78;3.95;3.806996147;3.966639599;4.15;3.842843317;4.02782658
10/08/2009;4.1707;3.76;3.9;3.927105082;4.016846425;4.07;3.864362786;4.007650512
11/08/2009;4.1707;4.09;4.15;4.615993957;4.582252816;4.21;4.244453208;4.10363858
12/08/2009;4.9203;4.6;4.57;4.757938599;4.687337647;4.44;4.365580171;4.237586396
13/08/2009;4.3169;4;4.14;3.833299313;3.894454569;4.12;3.817921882;4.060160053
14/08/2009;3.884;3.66;3.86;3.601234344;3.700043182;3.97;3.630710754;3.876410852
15/08/2009;3.7436;3.57;3.74;3.624376869;3.717685702;3.87;3.614726167;3.812900011
16/08/2009;3.6051;3.62;3.7;3.621900608;3.711737129;3.86;3.581806368;3.691480689
17/08/2009;3.884;3.47;3.51;3.474821329;3.588207183;3.69;3.442598113;3.605249468
18/08/2009;3.884;3.43;3.5;3.571648452;3.647176974;3.68;3.473647394;3.56924246
19/08/2009;3.7436;3.82;3.82;4.335734964;4.312295428;3.88;3.913944448;3.667492013
20/08/2009;3.7436;5.49;5.09;6.813829126;6.416256955;4.63;5.378923379;4.364423803
21/08/2009;4.6149;7.51;6.9;7.950281214;7.333195475;5.61;6.26423266;5.209653698
22/08/2009;10.1209;6.76;6.37;6.32248209;5.974762437;5.44;5.355203215;4.988335577
23/08/2009;5.3922;5.81;5.58;5.136082125;5.018197591;5.02;4.644621544;4.65135819
24/08/2009;4.7667;5.53;5.35;5.185733755;5.065131365;4.82;4.624988621;4.537281864
25/08/2009;5.3922;7.03;6.44;7.092374949;6.598877948;5.34;5.723728397;5.02157898
26/08/2009;7.9855;7.19;6.64;6.424910464;6.084134838;5.59;5.506356639;5.208726605
27/08/2009;5.7157;5.16;5.11;4.230581959;4.297080991;4.72;4.201975924;4.5132143
28/08/2009;4.6149;4.39;4.47;3.75017033;3.869999302;4.33;3.833671532;4.240824104
29/08/2009;4.1707;4.01;4.15;3.611503598;3.725352653;4.09;3.673930586;3.981268931
30/08/2009;4.1707;3.81;3.91;3.563226304;3.658065011;3.94;3.578791443;3.813209302
31/08/2009;3.884;3.61;3.71;3.453566382;3.541093893;3.84;3.461856902;3.679857198
01/09/2009;3.6051;3.49;3.55;3.359758546;3.440267055;3.66;3.361350095;3.558199522
02/09/2009;3.6051;3.35;3.41;3.286677255;3.368165912;3.6;3.300557821;3.467646273
03/09/2009;3.6051;3.37;3.4;3.453537106;3.503678773;3.52;3.390370832;3.457799253
04/09/2009;5.3922;4.55;4.31;6.04882978;5.705061361;4.13;4.904537553;3.930807455
05/09/2009;5.7157;6.08;5.65;6.353592931;5.956435949;4.75;5.189732186;4.453531829
06/09/2009;3.884;8.03;7.11;9.157163999;8.181532448;5.4;6.649255618;4.998192412
07/09/2009;11.3641;9.76;8.48;8.396590512;7.681479364;6.34;6.679656424;5.854260824
08/09/2009;5.7157;5.7;5.56;4.560406173;4.595007278;4.98;4.461585002;4.70844852
09/09/2009;5.3922;5.12;5.05;4.4167761;4.417246255;4.65;4.23792082;4.471226042
10/09/2009;4.465;4.27;4.33;3.561353256;3.674608382;4.21;3.650407857;4.0802245
11/09/2009;4.0264;3.95;4.04;3.518678078;3.617442932;4.02;3.538184278;3.878006703
12/09/2009;3.884;3.73;3.84;3.465964915;3.551371988;3.86;3.450540301;3.728612952
13/09/2009;3.7436;3.59;3.64;3.36656779;3.454224225;3.71;3.356393953;3.622475812
14/09/2009;3.6051;4.31;4.16;5.461704606;5.224148421;4.12;4.537246028;3.945692234
15/09/2009;5.0758;6.1;5.67;6.286188088;5.923074441;4.91;5.208552578;4.63469446
16/09/2009;4.465;4.68;4.69;4.113377738;4.107916866;4.28;3.903976737;4.119403771
17/09/2009;3.884;4.02;4.09;3.543542128;3.608478725;3.94;3.508702622;3.796725646
18/09/2009;3.7436;3.73;3.75;3.357398047;3.439838518;3.77;3.350043552;3.619312134
19/09/2009;3.334;3.45;3.6;3.247430865;3.333129373;3.59;3.254486861;3.480397871
20/09/2009;3.334;3.6;3.67;3.883611105;3.869486358;3.64;3.60128701;3.521363648
21/09/2009;3.334;15.89;12.64;19.84992372;16.78883216;8.27;12.58126475;7.544578899
22/09/2009;20.688;22.34;17.64;16.3011942;14.80188354;11.87;13.09220158;11.62512786
23/09/2009;6.7279;9.56;7.77;6.436264329;6.484478227;6.92;6.691034776;7.043888054
24/09/2009;7.079;10.51;8.93;9.511390766;8.870757856;7.6;8.020909487;7.707313507
25/09/2009;11.7904;10.93;9.51;8.765381586;8.28327441;7.99;7.953799429;8.13377219
26/09/2009;6.3836;6.57;6.29;4.957481495;5.142612675;6.18;5.613209917;6.378324285
27/09/2009;5.0758;5.56;5.53;4.616716804;4.772866305;5.69;5.094628063;5.840588737
28/09/2009;4.465;4.92;5.09;4.283939875;4.421410478;5.28;4.702976282;5.43129825
29/09/2009;4.465;5.83;5.78;6.761669677;6.445989554;5.7;6.024898824;5.753539137
30/09/2009;9.7186;8.12;7.58;8.087346118;7.547528566;6.65;6.961030496;6.568320427
01/10/2009;8.549;6.46;6.35;5.722058607;5.602406904;5.9;5.617161487;5.915860957
02/10/2009;5.7157;5.13;5.34;4.526716295;4.615215804;5.25;4.826036856;5.40270517
03/10/2009;4.7667;4.68;4.87;4.408453732;4.48405212;4.96;4.637910512;5.130325299
04/10/2009;4.465;4.71;4.83;4.746016552;4.744218724;4.87;4.743479323;5.001528315
05/10/2009;4.465;4.85;4.89;4.716199296;4.703350327;4.85;4.676953239;4.935297237
06/10/2009;4.1707;4.31;4.42;4.007472097;4.102046701;4.55;4.202919945;4.636715052
07/10/2009;4.0264;5.54;5.24;6.55381543;6.213302728;5.05;5.620370742;5.060731654
08/10/2009;16.857;20.83;16.93;21.86367789;18.8398521;11.75;14.6881288;11.32900198
09/10/2009;61.998299;51.73;42.04;41.88075807;36.61876773;28.84;31.7142617;29.83877279
10/10/2009;49.6894;41.01;32.08;25.99693154;25.20491502;26.38;28.91188278;30.99279159
11/10/2009;18.608101;15.14;12.96;10.08137782;11.23801776;14.16;15.09357154;17.45431595
12/10/2009;10.9437;13.35;12.38;12.73693736;12.90961722;13.77;14.67082704;15.8596748
13/10/2009;9.1268;13.75;13.07;12.72454089;12.71524004;13.71;14.24908519;15.58240045
14/10/2009;8.3596;9.65;9.64;8.853553841;9.409011324;11.28;11.3466802;13.02765848
15/10/2009;10.9437;18.89;17.95;19.86851953;18.22546973;16.07;17.36651915;17.15074687
16/10/2009;10.7357;23.01;19.86;18.37567945;17.49992081;17.72;18.82161147;19.93627014
17/10/2009;7.4367;15.31;14.63;14.25514133;14.1532148;15.09;16.12010081;17.33273912
18/10/2009;16.857;17.41;16.18;15.9484033;15.45533642;15.88;16.99139479;18.01888679
19/10/2009;8.9326;22.2;20.11;20.0712388;18.92030713;18.38;19.738834;20.56923742
20/10/2009;19.1203;21.1;18.68;17.79916791;17.45380537;18.21;19.61358806;21.0601292
21/10/2009;9.7186;14.03;13.56;12.89073833;13.42091088;15.15;16.00442381;17.65278638
22/10/2009;8.74;14.16;14.01;13.90637734;14.01773371;14.87;15.72249745;16.82995869
23/10/2009;9.1268;14.99;14.47;14.25007033;14.20607469;14.82;15.60426602;16.54663687
24/10/2009;7.618;13.09;12.89;12.56447527;12.83709928;13.77;14.38661282;15.48496012
25/10/2009;7.801;27.33;24.43;25.86764121;23.41554551;20.74;22.18800044;21.78634358
26/10/2009;14.2389;33.41;28.52;27.02394505;25.56237107;24.84;26.75572202;27.65876141
27/10/2009;14.0092;32.92;29.09;28.53557097;27.21646291;26.81;28.74451723;29.79209506
28/10/2009;23.1255;32.87;29.09;27.83545282;27.40536962;28.33;30.64074019;32.23806021
29/10/2009;25.663601;26.64;24.75;23.91082321;24.19055876;25.9;27.72009468;29.48186386
30/10/2009;17.599501;21.01;19.79;18.92503363;19.81293698;22.23;23.43415452;25.40492953
31/10/2009;14.47;15.9;15.99;15.51445034;16.55827285;18.96;19.6722401;21.44740442
01/11/2009;11.5765;15.71;16.21;16.23380642;16.77290891;18.17;18.82642565;20.07401565
02/11/2009;13.554;15.47;15.73;15.50131784;15.9164106;17.26;17.74663997;18.90878097
03/11/2009;9.7186;13.13;13.86;13.73606786;14.30662735;15.77;16.11266919;17.18347456
04/11/2009;8.549;11.79;12.65;12.38695709;12.99023911;14.5;14.63848309;15.74814047
05/11/2009;7.9855;10.2;11.17;10.83700864;11.56873702;13.19;13.12337819;14.2454329
06/11/2009;7.079;9.22;10.26;10.02362892;10.72433024;12.19;12.02827076;13.0505347
07/11/2009;6.7279;9.33;10.39;10.55647963;11.04771354;11.8;11.84975563;12.47607093
08/11/2009;7.079;11.13;11.82;12.29927283;12.33873334;12.16;12.47761221;12.52888079
09/11/2009;7.079;39.72;35.44;40.24040437;35.0325851;26.38;28.43607724;25.1793776
10/11/2009;20.9538;96.97;75.38;72.92926515;65.7428831;57.94;61.46587888;59.33535625
11/11/2009;85.004097;110.27;90.84;84.07036262;78.77155793;78.54;85.75691753;89.69063806
12/11/2009;47.4967;73.3;66.41;62.6842356;62.49930535;68.73;74.06397407;79.95132423
13/11/2009;44.986;41.5;40.66;35.54489451;38.56715757;49.57;52.12559028;59.13852389
14/11/2009;20.160299;21.36;23.4;22.3846433;25.28818355;31.56;31.98610809;35.19656871
15/11/2009;16.612101;52.89;49.98;54.25095327;51.78679342;48.04;50.06398728;48.46151215
16/11/2009;70.2005;79.9;70.26;65.76461217;62.69220449;62.79;65.95184778;66.095086
17/11/2009;33.2211;31.64;33.3;30.70553967;33.5108686;41;41.55691177;46.16075436
18/11/2009;19.378401;20.72;23.25;23.28082741;25.84296259;30.77;30.76459178;32.91693976
19/11/2009;16.857;17.08;19.92;20.70058101;22.72928646;26.4;26.13361822;27.65969439
20/11/2009;14.47;15.16;18.25;19.07364446;20.7447166;23.55;23.02888088;24.12277599
21/11/2009;14.0092;14.07;17.1;17.98927779;19.28141046;21.35;20.75935959;21.50936007
22/11/2009;14.47;13.06;15.88;16.55295902;17.68692478;19.52;18.8081384;19.46054115
23/11/2009;11.7904;12.43;15.2;15.98799312;16.89249073;18.16;17.51459793;18.05024862
24/11/2009;12.2226;19.08;21.37;23.77338839;23.09663897;20.64;21.05176527;19.47329921
25/11/2009;14.47;39.53;36.84;38.75803402;35.18871226;29.07;29.47681546;26.37617123
26/11/2009;16.3687;33.18;30.24;27.0115847;26.2599253;25.82;25.02840077;24.79327236
27/11/2009;11.7904;45.41;42.18;43.9093473;40.48833911;34.67;34.50100999;32.40669063
28/11/2009;21.4891;54.96;45.71;40.15022972;37.00037487;36.52;36.53899037;36.54020835
29/11/2009;16.857;58.82;52.12;52.63832297;49.43117923;45.75;46.54487777;45.31073265
30/11/2009;37.1035;65.74;55.02;48.23105233;45.57127703;47.38;48.54852565;50.35873407
01/12/2009;17.849701;27.32;28.68;27.75092894;29.16735228;32.31;32.51867239;34.1455563
02/12/2009;16.857;46.64;44.78;46.45061749;43.85947864;40.67;41.40059358;40.55573846
03/12/2009;23.680901;49.56;44.39;41.39097311;40.28642009;41.39;41.90777829;42.78496682
04/12/2009;46.055698;81.85;69.2;69.83548034;64.53049161;58.67;60.43690637;58.73115684
05/12/2009;58.042301;120.33;102.79;95.74648608;89.07698662;86.45;90.70529537;92.03872669
06/12/2009;31.9631;66.76;65.8;60.6018888;61.88330744;68.42;70.6012719;75.13898264
07/12/2009;35.7915;58.64;57.96;58.83251182;58.09540884;58.94;59.92071281;61.81806096
08/12/2009;39.442001;78.63;73;71.24025632;68.60217995;67.52;69.29875917;69.92869532
09/12/2009;47.4967;77.98;73.58;71.78412714;69.81517311;69.65;71.38646476;72.34040791
10/12/2009;37.434299;73.37;70.84;68.38913874;67.60500249;69.32;71.03923157;72.71110312
11/12/2009;35.1422;43.62;47.74;46.96640298;49.52272026;55.06;55.81455803;58.71564686
12/12/2009;26.5315;32.53;36.78;37.18790369;39.60792985;43.72;43.14890121;45.29471137
13/12/2009;22.575001;42.02;44.4;46.41443388;45.98564713;44.91;44.80372161;44.12795425
14/12/2009;22.8496;43.67;44.3;43.63791491;43.52055402;43.84;43.31209584;43.42448557
15/12/2009;20.9538;29.65;32.62;32.29360506;33.95950764;36.28;35.53674617;36.4069704
16/12/2009;18.608101;22.7;26.51;27.06089949;28.92599545;31.25;30.27044392;30.98252692
17/12/2009;17.849701;40.94;42.49;45.25025928;43.24985341;38.92;38.58945013;36.49686314
18/12/2009;27.1161;53.71;49.73;47.80926037;45.19268859;42.56;41.81099816;41.0076342
19/12/2009;26.5315;34.16;34.71;32.56798924;33.3026734;34.78;33.83386794;34.54709534
20/12/2009;18.8636;22.46;25.25;25.07801374;26.71035865;28.9;27.65521256;28.59782992
21/12/2009;17.1031;30.26;32.81;34.83337003;34.01077836;31.9;31.3147025;30.425946
22/12/2009;19.637699;39.38;38.33;37.84933044;36.34854128;34.21;33.38586307;32.74869052
23/12/2009;15.6464;35.91;35.36;34.64544853;33.84391979;32.78;31.90517665;31.75691145
24/12/2009;15.8858;28.82;29.3;28.65182007;28.91149355;29.32;28.37731439;28.81076291
25/12/2009;16.857;31.19;32;32.34297232;31.47169782;29.99;29.20267267;28.8605709
26/12/2009;23.680901;37.4;35.87;35.08486399;33.52466223;31.58;30.7634821;30.4003256
27/12/2009;20.160299;61.05;54.83;54.7576833;50.78043295;45.2;44.77322642;42.96845079
28/12/2009;37.1035;84.59;70.93;66.38834708;60.48179763;56.02;56.49749162;55.8263444
29/12/2009;33.856899;62.21;55.23;48.83970448;46.69813501;48.42;48.92236294;51.0566469
30/12/2009;27.1161;70.2;63.02;63.10140249;59.64828715;56.12;56.98044545;56.19702682
31/12/2009;84.103996;90.6;79.56;74.1075945;69.55484204;67.67;69.946463;71.12813012
01/01/2010;41.145;61.11;41.92;55.53670709;55.34432661;58.44;59.83800336;63.04444711
